date,vacancies,area_BROCK,area_EXCH,area_FRASER,area_GREEN,area_IONA,area_KWTQ,area_MARINE,area_POND,area_STJOHN,area_TBIRD,area_AP_UA
2021-11-01,74,1,5,2,7,0,0,23,6,2,11,17
2021-11-02,91,2,5,2,7,0,0,25,7,5,12,26
2021-11-03,93,2,5,2,7,0,0,25,7,4,13,28
2021-11-04,95,2,5,2,7,0,0,26,7,5,13,28
2021-11-05,93,2,5,2,7,0,0,26,7,5,12,27
2021-11-06,92,2,5,2,7,0,0,26,6,5,12,27
2021-11-07,92,2,5,2,7,0,0,26,6,5,12,27
2021-11-08,91,2,5,1,7,0,0,26,6,5,12,27
2021-11-09,91,2,5,1,7,0,0,27,6,4,12,27
2021-11-10,90,3,4,1,7,0,0,28,5,4,12,26
2021-11-11,90,3,4,1,7,0,0,28,5,4,12,26
2021-11-12,88,4,4,1,7,0,0,27,4,4,12,25
2021-11-13,88,3,5,1,7,0,0,27,4,4,13,24
2021-11-14,89,3,5,1,7,0,0,27,5,4,13,24
2021-11-15,89,3,5,1,7,0,0,28,5,4,13,23
2021-11-16,92,4,5,1,7,0,0,29,5,4,13,24
2021-11-17,93,4,5,1,7,0,0,29,5,4,13,25
2021-11-18,93,4,5,1,7,0,0,29,5,4,13,25
2021-11-19,93,5,5,1,7,0,0,29,5,4,12,25
2021-11-20,92,5,5,1,7,0,0,29,5,4,12,24
2021-11-21,92,5,5,1,7,0,0,29,5,4,12,24
2021-11-22,90,4,5,1,7,0,0,28,5,4,12,24
2021-11-23,88,4,5,1,7,0,0,25,5,4,13,24
2021-11-24,87,4,5,0,7,0,0,25,5,4,13,24
2021-11-25,87,4,5,0,7,0,0,25,5,4,13,24
2021-11-26,86,3,5,0,7,0,0,25,5,4,13,24
2021-11-27,86,3,5,0,7,0,0,25,5,4,13,24
2021-11-28,88,3,5,1,7,0,0,26,5,4,13,24
2021-11-29,89,3,5,1,7,0,0,26,6,4,13,24
2021-11-30,93,3,5,1,7,0,0,27,7,5,14,24
2021-12-01,86,1,5,1,6,0,0,27,8,5,12,21
2021-12-02,102,1,5,1,7,0,0,28,8,8,15,29
2021-12-03,100,1,5,0,7,0,0,26,8,7,16,30
2021-12-04,99,2,5,0,7,0,0,24,8,7,16,30
2021-12-05,100,2,5,0,7,0,0,24,8,7,17,30
2021-12-06,102,2,5,0,7,0,0,25,8,7,17,31
2021-12-07,103,2,5,0,7,0,0,24,8,9,17,31
2021-12-08,98,2,5,0,7,0,0,21,8,10,17,28
2021-12-09,100,2,5,0,7,0,0,23,7,11,17,28
2021-12-10,97,2,5,0,7,0,0,23,6,11,17,26
2021-12-11,97,2,5,0,7,0,0,23,6,11,17,26
2021-12-12,98,2,5,0,7,0,0,23,6,12,17,26
2021-12-13,98,2,5,0,7,0,0,24,6,12,16,26
2021-12-14,100,2,5,0,7,0,0,25,6,12,17,26
2021-12-15,100,3,5,0,7,0,0,25,6,12,16,26
2021-12-16,103,3,5,0,7,0,0,26,5,12,19,26
2021-12-17,107,3,5,0,7,0,0,29,6,12,19,26
2021-12-18,108,3,5,0,7,0,0,30,6,12,19,26
2021-12-19,108,3,5,0,7,0,0,30,6,12,19,26
2021-12-20,108,3,5,0,7,0,0,30,6,12,19,26
2021-12-21,108,4,5,0,7,0,0,30,6,12,19,25
2021-12-22,111,4,5,0,7,0,0,30,6,12,22,25
2021-12-23,110,4,6,0,7,0,0,30,5,12,21,25
2021-12-24,203,12,30,6,7,1,0,58,32,12,21,24
2021-12-25,208,13,31,6,7,1,0,61,33,11,21,24
2021-12-26,208,13,31,6,7,1,0,62,33,11,21,23
2021-12-27,209,13,31,7,7,1,0,62,33,11,21,23
2021-12-28,210,13,31,7,7,1,0,63,34,11,20,23
2021-12-29,209,13,31,7,7,1,0,63,34,11,20,22
2021-12-30,208,14,30,7,7,1,0,64,33,11,20,21
2021-12-31,206,15,30,7,7,1,0,63,31,11,20,21
2022-01-01,194,17,33,6,6,1,0,55,24,11,21,20
2022-01-02,210,17,33,6,6,1,0,57,24,13,24,29
2022-01-03,200,11,33,6,6,1,0,55,23,13,23,29
2022-01-04,201,11,33,6,6,0,0,58,23,11,24,29
2022-01-05,197,11,33,6,6,0,0,56,22,11,23,29
2022-01-06,197,11,32,6,6,0,0,56,23,11,23,29
2022-01-07,190,10,32,6,6,0,0,54,22,11,21,28
2022-01-08,190,11,33,6,6,0,0,52,22,11,21,28
2022-01-09,130,8,11,2,6,0,0,40,7,11,17,28
2022-01-10,134,8,11,3,6,0,0,42,7,11,18,28
2022-01-11,135,7,12,3,5,0,0,43,8,11,18,28
2022-01-12,135,7,12,3,5,0,0,42,9,11,18,28
2022-01-13,137,7,13,4,5,0,0,42,9,11,18,28
2022-01-14,135,6,14,4,5,0,0,42,9,11,17,27
2022-01-15,137,6,13,4,6,1,0,43,10,11,18,25
2022-01-16,141,6,16,4,6,1,0,44,10,11,18,25
2022-01-17,140,6,17,4,5,1,0,45,10,11,16,25
2022-01-18,143,6,17,4,6,1,0,47,10,11,16,25
2022-01-19,143,6,17,4,6,1,0,47,9,12,16,25
2022-01-20,145,6,17,4,6,1,0,46,10,14,16,25
2022-01-21,145,5,17,4,6,1,0,48,10,14,15,25
2022-01-22,145,5,17,4,6,1,0,48,10,14,15,25
2022-01-23,145,5,17,4,6,1,0,48,10,14,15,25
2022-01-24,147,5,17,4,6,1,0,49,11,14,15,25
2022-01-25,151,5,17,4,6,1,0,53,11,14,15,25
2022-01-26,153,5,17,4,6,1,0,54,12,14,15,25
2022-01-27,153,5,17,4,6,1,0,56,11,14,14,25
2022-01-28,145,3,17,4,6,1,0,52,11,14,13,24
2022-01-29,142,3,17,4,6,1,0,50,11,14,13,23
2022-01-30,141,3,16,4,6,1,0,51,11,14,13,22
2022-01-31,142,3,16,4,6,1,0,51,11,14,13,23
2022-02-01,131,3,12,4,6,1,0,45,11,13,13,23
2022-02-02,155,3,14,4,6,1,0,49,12,16,19,31
2022-02-03,155,3,14,4,6,1,0,49,12,16,18,32
2022-02-04,143,2,11,4,6,1,0,47,10,16,14,32
2022-02-05,144,3,10,4,6,1,0,48,10,16,14,32
2022-02-06,148,3,10,4,6,1,0,52,10,16,14,32
2022-02-07,148,4,10,4,6,1,0,50,10,16,15,32
2022-02-08,152,4,10,4,6,1,0,53,10,16,16,32
2022-02-09,156,4,10,4,6,1,0,56,11,16,16,32
2022-02-10,154,4,10,4,6,1,0,56,11,16,14,32
2022-02-11,148,3,8,3,6,0,0,60,9,16,11,32
2022-02-12,149,3,8,3,6,0,0,61,9,16,11,32
2022-02-13,148,3,8,3,6,0,0,60,9,16,11,32
2022-02-14,148,4,7,3,6,0,0,59,10,16,11,32
2022-02-15,152,5,6,4,6,0,0,59,11,16,13,32
2022-02-16,153,5,6,4,6,0,0,59,11,16,14,32
2022-02-17,155,5,6,5,6,0,0,60,11,16,14,32
2022-02-18,154,5,6,4,6,0,0,60,12,16,14,31
2022-02-19,154,5,6,4,6,0,0,60,12,16,14,31
2022-02-20,154,5,6,4,6,0,0,60,12,16,15,30
2022-02-21,157,7,6,4,6,0,0,61,12,16,16,29
2022-02-22,157,7,6,4,6,0,0,62,11,16,16,29
2022-02-23,156,7,6,4,6,0,0,62,11,16,16,28
2022-02-24,157,7,7,4,6,0,0,62,11,16,16,28
2022-02-25,157,7,7,4,6,0,0,63,10,16,16,28
2022-02-26,156,7,7,4,6,0,0,61,11,16,16,28
2022-02-27,155,7,7,4,6,0,0,61,11,16,16,27
2022-02-28,156,7,7,4,6,0,0,61,11,16,16,28
2022-03-01,155,7,7,4,6,0,0,63,11,15,16,26
2022-03-02,170,8,8,4,8,0,0,65,12,16,17,32
2022-03-03,173,8,8,4,8,0,0,66,12,16,17,34
2022-03-04,173,8,6,4,8,0,0,66,12,16,17,36
2022-03-05,173,8,6,4,8,0,0,66,11,16,17,37
2022-03-06,174,8,6,4,8,0,0,66,12,16,17,37
2022-03-07,176,8,6,4,8,0,0,66,13,16,17,38
2022-03-08,176,8,6,4,8,0,0,66,13,16,17,38
2022-03-09,173,8,6,4,8,0,0,62,14,16,17,38
2022-03-10,173,8,6,4,8,0,0,62,14,16,17,38
2022-03-11,172,8,6,4,8,0,0,62,14,16,17,37
2022-03-12,175,8,7,4,8,0,0,64,14,16,17,37
2022-03-13,175,8,7,4,8,0,0,64,14,16,17,37
2022-03-14,174,8,7,4,8,0,0,64,14,16,16,37
2022-03-15,174,8,6,4,8,0,0,64,15,16,16,37
2022-03-16,173,8,6,4,8,0,0,64,14,16,16,37
2022-03-17,173,8,6,4,8,0,0,64,14,16,16,37
2022-03-18,173,8,6,4,8,0,0,64,13,16,17,37
2022-03-19,172,8,6,4,8,0,0,64,13,16,17,36
2022-03-20,173,8,6,4,8,0,0,65,13,16,17,36
2022-03-21,175,8,7,4,8,0,0,66,13,16,17,36
2022-03-22,175,8,7,4,8,0,0,66,13,16,17,36
2022-03-23,175,8,7,4,8,0,0,66,13,16,17,36
2022-03-24,175,8,7,4,8,0,0,66,13,16,17,36
2022-03-25,174,8,7,4,8,0,0,66,13,16,16,36
2022-03-26,176,8,7,4,8,0,0,66,13,16,17,37
2022-03-27,175,8,7,4,8,0,0,66,12,16,17,37
2022-03-28,176,8,7,4,8,0,0,66,13,16,17,37
2022-03-29,177,8,7,4,8,0,0,66,13,16,18,37
2022-03-30,176,8,7,4,8,0,0,66,13,15,18,37
2022-03-31,175,8,7,4,8,0,0,65,13,15,18,37
2022-04-01,172,8,6,4,8,0,1,65,13,15,18,34
2022-04-02,297,8,6,4,8,0,119,66,13,16,20,37
2022-04-03,298,8,6,4,8,0,119,66,13,16,20,38
2022-04-04,299,8,6,4,8,1,119,66,13,16,20,38
2022-04-05,479,16,35,9,8,2,119,147,56,17,32,38
2022-04-06,479,16,35,9,8,2,119,147,56,17,32,38
2022-04-07,478,16,35,9,8,2,119,145,56,17,33,38
2022-04-08,477,16,35,9,8,2,118,145,56,17,33,38
2022-04-09,477,16,35,9,8,2,118,145,56,17,33,38
2022-04-10,477,16,35,9,8,2,118,145,56,17,33,38
2022-04-11,480,16,35,9,8,2,118,147,56,17,34,38
2022-04-12,481,16,35,9,8,2,118,147,56,17,35,38
2022-04-13,481,16,35,9,8,2,118,147,56,17,35,38
2022-04-14,481,16,35,9,8,2,118,147,56,17,35,38
2022-04-15,479,16,35,9,8,2,118,146,56,17,35,37
2022-04-16,479,16,36,9,8,2,118,146,55,17,35,37
2022-04-17,479,16,36,9,8,2,118,146,55,17,35,37
2022-04-18,477,16,36,9,8,2,118,146,55,16,34,37
2022-04-19,478,16,36,9,8,2,118,146,55,16,35,37
2022-04-20,479,16,36,9,8,2,118,146,56,16,35,37
2022-04-21,479,16,36,9,8,2,118,146,56,16,35,37
2022-04-22,481,16,36,9,9,2,118,146,56,17,35,37
2022-04-23,481,16,36,9,9,2,118,146,56,17,35,37
2022-04-24,479,16,36,9,9,2,117,146,56,17,34,37
2022-04-25,479,16,36,9,9,2,117,146,56,17,34,37
2022-04-26,477,16,36,9,9,2,115,146,56,17,34,37
2022-04-27,476,16,36,9,9,2,115,147,56,17,33,36
2022-04-28,470,16,35,9,9,2,113,146,56,17,32,35
2022-04-29,1282,103,194,50,9,8,110,469,258,14,32,35
2022-04-30,1290,103,197,50,9,8,109,472,262,14,32,34
2022-05-01,1279,102,202,50,9,8,103,469,268,13,33,22
2022-05-02,1413,107,209,50,11,7,106,486,276,23,105,33
2022-05-03,1415,107,210,50,11,7,105,483,275,25,106,36
2022-05-04,1413,107,209,50,11,7,105,482,273,26,106,37
2022-05-05,286,12,34,5,11,2,58,51,41,26,9,37
2022-05-06,250,8,26,5,11,2,43,47,38,26,8,36
2022-05-07,236,5,23,5,10,2,35,48,37,27,8,36
2022-05-08,146,1,13,1,10,1,6,20,23,27,8,36
2022-05-09,151,1,14,1,10,1,6,20,24,28,9,37
2022-05-10,152,2,14,1,10,1,6,20,24,28,9,37
2022-05-11,152,2,14,1,10,1,6,20,24,28,9,37
2022-05-12,151,2,13,1,10,1,6,20,24,28,9,37
2022-05-13,145,2,11,0,10,1,6,19,22,28,9,37
2022-05-14,144,2,11,0,10,1,6,18,22,28,9,37
2022-05-15,144,2,11,0,10,1,6,18,21,29,9,37
2022-05-16,146,2,12,0,10,1,6,19,20,29,10,37
2022-05-17,147,3,11,0,10,1,6,20,20,29,10,37
2022-05-18,148,3,11,0,10,1,6,21,20,29,10,37
2022-05-19,149,3,11,0,10,1,6,23,19,29,10,37
2022-05-20,128,2,8,0,10,1,2,23,9,29,7,37
2022-05-21,128,2,8,0,10,1,2,24,8,29,7,37
2022-05-22,128,2,8,0,10,1,2,24,8,29,7,37
2022-05-23,129,2,8,0,10,1,2,25,8,29,7,37
2022-05-24,130,2,8,0,10,1,2,25,8,29,8,37
2022-05-25,127,0,8,0,10,1,2,25,8,29,8,36
2022-05-26,127,0,8,0,10,1,2,25,8,29,8,36
2022-05-27,127,0,8,0,10,1,2,25,8,29,8,36
2022-05-28,129,0,10,0,10,1,2,26,8,29,8,35
2022-05-29,129,0,10,0,10,1,2,26,8,29,8,35
2022-05-30,135,1,11,0,10,1,2,28,10,29,8,35
2022-05-31,137,1,11,1,10,1,2,27,12,29,8,35
2022-06-01,124,1,10,1,10,1,1,23,12,28,7,30
2022-06-02,187,5,18,1,11,1,3,36,17,40,13,42
2022-06-03,197,6,21,1,11,1,3,38,18,40,15,43
2022-06-04,210,7,22,2,11,2,3,44,21,40,15,43
2022-06-05,265,19,34,3,11,2,3,59,33,40,16,45
2022-06-06,266,20,35,3,11,2,2,59,33,40,16,45
2022-06-07,267,20,34,3,11,2,3,60,33,40,16,45
2022-06-08,271,22,34,3,11,2,3,60,34,41,16,45
2022-06-09,273,23,34,3,11,2,4,60,33,42,16,45
2022-06-10,270,23,32,3,11,2,4,57,35,42,17,44
2022-06-11,272,23,30,3,11,2,4,58,36,43,18,44
2022-06-12,275,23,31,3,11,2,4,59,36,43,19,44
2022-06-13,266,24,20,3,11,2,4,62,36,42,20,42
2022-06-14,266,24,20,3,11,2,4,61,36,42,20,43
2022-06-15,163,11,9,1,11,2,3,18,19,41,8,40
2022-06-16,162,11,9,1,11,2,3,18,20,39,8,40
2022-06-17,162,11,10,1,11,2,3,18,20,38,7,41
2022-06-18,164,11,10,1,11,2,3,18,20,38,9,41
2022-06-19,166,11,10,1,11,2,3,19,20,39,9,41
2022-06-20,166,11,9,1,11,2,3,19,19,41,8,42
2022-06-21,169,11,9,1,11,2,3,19,19,42,10,42
2022-06-22,172,11,10,1,11,2,3,19,19,43,11,42
2022-06-23,173,11,10,1,11,2,3,20,19,43,11,42
2022-06-24,170,11,10,1,11,2,2,20,19,43,11,40
2022-06-25,171,11,10,1,11,2,2,20,20,43,11,40
2022-06-26,171,11,10,1,11,2,2,20,20,43,11,40
2022-06-27,170,11,10,1,11,2,2,21,20,43,11,38
2022-06-28,169,10,10,1,11,2,2,21,20,43,11,38
2022-06-29,170,12,10,1,11,2,2,21,19,43,11,38
2022-06-30,165,12,10,1,11,2,2,21,17,43,12,34
2022-07-01,114,6,8,0,11,0,0,15,9,42,5,18
2022-07-02,162,6,11,0,12,0,1,20,14,50,7,41
2022-07-03,164,6,11,0,12,0,1,20,15,51,7,41
2022-07-04,163,4,7,0,12,0,1,22,15,51,9,42
2022-07-05,166,5,7,0,12,0,1,21,16,51,10,43
2022-07-06,168,5,7,0,12,0,3,21,16,51,10,43
2022-07-07,168,5,7,0,12,0,3,21,17,51,11,41
2022-07-08,163,5,7,0,12,0,3,21,17,51,11,36
2022-07-09,164,5,7,0,12,0,3,21,17,50,13,36
2022-07-10,162,5,7,0,12,0,3,19,17,50,13,36
2022-07-11,161,5,7,0,12,0,3,18,17,50,13,36
2022-07-12,158,4,7,0,12,0,2,18,17,50,13,35
2022-07-13,157,4,7,0,12,0,2,16,17,51,14,34
2022-07-14,158,4,7,0,12,0,2,17,17,51,14,34
2022-07-15,136,2,5,0,12,0,1,12,14,51,8,31
2022-07-16,137,0,5,0,12,0,1,13,15,50,10,31
2022-07-17,134,0,5,0,12,0,1,13,15,50,10,28
2022-07-18,132,0,3,0,12,0,1,14,16,49,9,28
2022-07-19,132,0,3,0,12,0,1,14,16,49,9,28
2022-07-20,123,0,3,0,12,0,1,14,9,50,9,25
2022-07-21,122,0,3,0,12,0,1,14,9,50,10,23
2022-07-22,123,0,3,0,12,0,1,14,9,51,11,22
2022-07-23,124,0,3,0,12,0,1,15,9,51,11,22
2022-07-24,125,0,3,0,12,0,1,15,9,51,12,22
2022-07-25,122,0,3,0,12,0,1,12,9,51,12,22
2022-07-26,124,0,3,1,12,0,1,13,9,51,12,22
2022-07-27,124,0,3,1,12,0,1,13,9,51,12,22
2022-07-28,124,1,2,1,12,0,1,13,9,51,12,22
2022-07-29,122,1,2,1,12,0,1,11,10,50,12,22
2022-07-30,123,1,2,1,12,0,1,11,10,49,14,22
2022-07-31,122,1,2,1,12,0,1,11,9,49,14,22
2022-08-01,106,1,1,1,12,0,0,9,6,49,10,17
2022-08-02,145,3,7,1,13,0,0,14,7,51,13,36
2022-08-03,150,3,7,1,13,0,0,17,7,52,13,37
2022-08-04,156,3,7,1,13,0,0,19,7,51,18,37
2022-08-05,153,3,7,1,13,0,1,15,7,51,19,36
2022-08-06,153,2,7,1,13,0,1,15,7,52,19,36
2022-08-07,151,1,7,1,13,0,1,13,7,52,21,35
2022-08-08,153,1,7,1,13,0,1,15,7,52,24,32
2022-08-09,151,1,7,1,13,0,1,15,7,52,24,30
2022-08-10,149,1,7,1,13,0,1,14,7,52,23,30
2022-08-11,149,3,8,1,13,0,1,14,7,51,24,27
2022-08-12,144,3,7,1,13,0,1,13,7,51,22,26
2022-08-13,144,3,7,1,13,0,1,13,7,51,22,26
2022-08-14,146,3,7,2,13,0,1,13,7,51,23,26
2022-08-15,122,3,7,1,13,0,2,12,7,51,6,20
2022-08-16,161,2,8,2,13,0,2,12,7,88,7,20
2022-08-17,157,1,7,2,13,0,2,12,7,88,6,19
2022-08-18,161,2,7,2,13,0,2,13,7,88,8,19
2022-08-19,158,2,7,1,13,0,1,14,6,88,7,19
2022-08-20,154,1,7,1,13,0,1,13,7,87,6,18
2022-08-21,170,3,9,1,13,0,0,25,10,86,6,17
2022-08-22,155,4,10,1,13,0,0,21,12,71,6,17
2022-08-23,150,4,9,1,13,0,0,21,14,65,6,17
2022-08-24,142,3,8,1,12,0,0,20,13,60,8,17
2022-08-25,157,3,7,1,38,0,0,17,9,54,11,17
2022-08-26,153,3,6,3,38,0,0,17,8,50,11,17
2022-08-27,175,4,9,3,38,0,7,23,16,47,11,17
2022-08-28,177,5,10,3,38,0,8,23,17,46,10,17
2022-08-29,168,5,6,2,38,0,8,20,19,42,11,17
2022-08-30,160,7,5,3,38,0,5,20,13,42,10,17
2022-08-31,155,7,5,3,38,0,6,20,11,39,9,17
2022-09-01,71,3,3,1,2,0,5,20,8,6,6,17
2022-09-02,140,4,10,3,2,0,7,33,10,6,11,54
2022-09-03,147,4,11,4,2,0,8,29,10,6,12,61
2022-09-04,135,4,9,4,2,0,8,25,2,7,12,62
2022-09-05,113,3,6,3,2,0,4,14,1,6,10,64
2022-09-06,105,3,6,2,2,0,2,14,1,6,9,60
2022-09-07,95,3,6,2,2,0,2,12,2,5,5,56
2022-09-08,90,2,6,2,2,0,2,14,3,5,2,52
2022-09-09,82,2,5,2,2,0,2,13,3,5,2,46
2022-09-10,80,2,5,2,2,0,2,12,2,5,3,45
2022-09-11,83,2,5,2,2,0,3,13,2,5,4,45
2022-09-12,82,2,5,2,3,0,3,14,1,5,5,42
2022-09-13,78,1,5,2,3,0,3,16,1,5,5,37
2022-09-14,70,1,4,2,3,0,3,16,1,5,1,34
2022-09-15,67,1,4,2,3,0,3,15,1,5,2,31
2022-09-16,61,0,4,2,3,0,2,15,2,5,3,25
2022-09-17,60,0,4,1,3,0,1,16,1,5,5,24
2022-09-18,61,0,4,1,3,0,2,16,1,5,5,24
2022-09-19,64,0,4,1,3,0,3,16,1,5,7,24
2022-09-20,61,0,3,1,3,0,3,16,1,5,5,24
2022-09-21,60,0,3,1,3,0,3,16,1,5,4,24
2022-09-22,59,0,3,1,3,0,4,14,1,5,4,24
2022-09-23,60,0,3,1,2,0,3,15,2,5,5,24
2022-09-24,65,0,4,1,3,0,3,16,4,5,5,24
2022-09-25,65,0,4,0,3,0,2,16,5,5,6,24
2022-09-26,65,0,4,0,3,0,3,16,5,5,5,24
2022-09-27,63,0,4,0,3,0,3,15,5,5,4,24
2022-09-28,67,2,4,0,3,0,3,18,4,5,4,24
2022-09-29,67,2,4,0,3,0,3,18,4,5,4,24
2022-09-30,62,2,4,0,3,0,2,16,3,5,4,23
2022-10-01,50,2,4,0,2,0,2,16,1,5,2,16
2022-10-02,74,3,5,2,2,0,2,20,7,7,5,21
2022-10-03,77,3,5,2,2,0,2,22,7,7,4,23
2022-10-04,81,3,5,2,2,0,2,24,7,7,4,25
2022-10-05,78,4,5,2,2,0,2,22,6,7,3,25
2022-10-06,77,4,5,2,2,0,2,21,6,7,3,25
2022-10-07,71,3,5,2,2,0,1,19,5,7,3,24
2022-10-08,71,3,5,2,2,0,1,19,5,7,4,23
2022-10-09,70,3,5,2,2,1,1,17,5,7,4,23
2022-10-10,67,2,5,2,2,1,1,17,4,7,5,21
2022-10-11,68,2,5,2,2,1,1,18,4,7,5,21
2022-10-12,65,1,5,2,2,1,1,18,4,6,4,21
2022-10-13,67,1,6,2,2,1,1,18,4,6,4,22
2022-10-14,59,1,5,2,2,1,0,17,3,6,2,20
2022-10-15,54,0,3,2,2,0,0,17,5,6,2,17
2022-10-16,55,1,4,2,2,0,0,17,3,7,2,17
2022-10-17,58,1,4,2,2,0,0,17,4,7,4,17
2022-10-18,60,1,4,2,2,0,0,19,4,7,4,17
2022-10-19,62,1,4,2,2,0,0,21,4,7,3,18
2022-10-20,62,1,4,2,2,0,0,21,4,7,3,18
2022-10-21,49,1,3,1,2,0,0,20,2,7,2,11
2022-10-22,47,1,2,1,2,0,0,19,2,7,2,11
2022-10-23,44,1,2,1,2,0,0,17,1,7,2,11
2022-10-24,46,0,0,0,2,0,0,19,4,7,3,11
2022-10-25,51,0,0,0,2,0,1,21,5,7,4,11
2022-10-26,50,1,0,0,2,0,1,19,5,7,4,11
2022-10-27,50,1,0,0,2,0,1,19,5,7,4,11
2022-10-28,48,2,0,0,2,0,1,18,4,7,4,10
2022-10-29,49,2,0,0,2,0,1,19,5,7,4,9
2022-10-30,48,2,0,0,2,0,1,19,4,7,4,9
2022-10-31,51,3,0,0,2,0,1,22,4,7,3,9
2022-11-01,48,3,1,0,2,0,1,23,4,7,1,6
2022-11-02,63,4,3,0,2,0,1,28,5,8,5,7
2022-11-03,63,2,3,0,2,0,1,29,5,8,5,8
2022-11-04,51,2,3,0,2,0,0,21,4,8,3,8
2022-11-05,56,2,3,0,2,0,0,21,4,9,7,8
2022-11-06,54,3,3,0,2,0,0,19,3,9,7,8
2022-11-07,52,3,3,0,2,0,0,20,3,9,5,7
2022-11-08,50,3,2,0,2,0,0,20,3,9,5,6
2022-11-09,44,2,2,0,2,0,0,19,3,9,1,6
2022-11-10,45,3,2,0,2,0,0,20,3,9,0,6
2022-11-11,42,3,2,0,2,0,0,17,3,9,0,6
2022-11-12,41,2,2,0,2,0,0,18,2,9,0,6
2022-11-13,41,2,2,0,2,0,0,18,1,9,1,6
2022-11-14,39,1,2,0,2,0,0,18,1,9,1,5
2022-11-15,40,1,2,0,2,0,1,18,1,9,1,5
2022-11-16,41,1,2,0,2,0,1,19,1,9,1,5
2022-11-17,40,1,1,0,2,0,1,19,1,9,1,5
2022-11-18,39,1,2,0,2,0,1,17,1,9,1,5
2022-11-19,39,1,2,0,2,0,1,17,1,9,1,5
2022-11-20,41,1,2,0,2,0,1,17,2,9,1,6
2022-11-21,42,1,2,0,2,0,2,17,2,9,1,6
2022-11-22,39,0,2,0,2,0,2,16,1,9,1,6
2022-11-23,37,0,2,0,2,0,2,15,0,9,1,6
2022-11-24,38,0,2,0,2,0,2,15,0,9,2,6
2022-11-25,37,0,2,0,2,0,2,14,0,9,2,6
2022-11-26,35,0,2,0,2,0,1,13,0,9,2,6
2022-11-27,35,0,1,0,2,0,2,13,0,9,2,6
2022-11-28,35,0,1,0,2,0,2,13,0,9,2,6
2022-11-29,34,0,1,0,2,0,1,13,0,9,2,6
2022-11-30,32,0,0,0,2,0,0,13,0,9,2,6
2022-12-01,34,0,0,0,2,0,2,12,1,9,3,5
2022-12-02,43,0,0,0,3,0,2,12,2,12,2,10
2022-12-03,45,0,0,1,3,0,2,12,2,12,3,10
2022-12-04,44,0,0,1,3,0,2,11,2,12,3,10
2022-12-05,47,0,0,1,4,0,2,13,2,12,3,10
2022-12-06,47,0,0,1,4,0,2,13,2,12,3,10
2022-12-07,44,0,0,1,4,0,2,13,2,12,2,8
2022-12-08,43,0,0,1,4,0,2,12,3,12,1,8
2022-12-09,38,0,0,1,3,0,1,11,3,12,1,6
2022-12-10,41,0,0,1,4,0,1,13,3,12,1,6
2022-12-11,42,0,1,1,4,0,1,13,3,12,1,6
2022-12-12,40,0,1,1,4,0,1,13,2,12,0,6
2022-12-13,40,0,1,1,4,0,1,13,2,12,0,6
2022-12-14,40,0,1,1,4,0,1,14,2,11,0,6
2022-12-15,42,0,0,1,4,0,1,15,3,11,1,6
2022-12-16,43,0,0,1,4,0,1,15,3,11,2,6
2022-12-17,44,0,0,1,4,0,1,16,3,11,2,6
2022-12-18,49,0,0,2,4,0,2,16,4,12,2,7
2022-12-19,51,1,0,2,4,0,2,18,4,12,1,7
2022-12-20,57,2,0,2,4,0,4,19,5,12,2,7
2022-12-21,62,2,0,2,4,0,4,22,7,12,2,7
2022-12-22,64,2,0,2,4,0,5,22,9,12,1,7
2022-12-23,68,4,1,2,4,1,5,20,10,12,2,7
2022-12-24,148,14,15,5,4,1,14,41,33,12,2,7
2022-12-25,160,15,18,6,4,1,15,44,36,12,2,7
2022-12-26,164,15,18,6,4,1,16,47,36,12,2,7
2022-12-27,166,16,17,6,4,1,17,48,37,12,2,6
2022-12-28,165,16,18,6,4,1,17,48,35,12,2,6
2022-12-29,162,17,20,6,4,1,17,45,31,12,3,6
2022-12-30,130,4,14,4,4,1,6,45,30,12,4,6
2022-12-31,132,4,14,4,4,1,6,45,29,12,7,6
2023-01-01,91,4,13,4,4,1,7,19,17,10,8,4
2023-01-02,149,9,15,5,7,1,12,29,20,13,16,22
2023-01-03,148,9,13,5,7,1,12,29,19,14,16,23
2023-01-04,137,9,13,5,7,1,12,25,17,14,11,23
2023-01-05,123,8,8,5,7,1,12,23,14,14,11,20
2023-01-06,112,6,6,5,7,1,12,23,14,14,8,16
2023-01-07,106,6,5,5,7,1,11,22,13,14,8,14
2023-01-08,76,4,2,3,7,1,6,14,4,14,7,14
2023-01-09,70,1,2,1,7,1,1,16,4,14,9,14
2023-01-10,69,1,2,1,7,1,1,17,4,14,9,12
2023-01-11,68,1,1,0,7,1,1,17,5,13,9,13
2023-01-12,66,1,1,0,7,1,0,16,5,14,9,12
2023-01-13,64,1,1,0,7,1,0,14,5,14,9,12
2023-01-14,63,1,1,0,7,1,0,14,4,14,9,12
2023-01-15,60,3,1,0,7,1,0,11,3,13,9,12
2023-01-16,59,3,1,0,7,1,0,14,3,9,9,12
2023-01-17,57,2,1,0,7,0,0,14,4,9,8,12
2023-01-18,55,2,1,0,7,0,0,14,4,9,6,12
2023-01-19,55,2,0,0,7,0,0,14,4,10,6,12
2023-01-20,55,2,0,0,7,0,0,12,4,11,7,12
2023-01-21,53,2,0,0,7,0,0,12,4,11,7,10
2023-01-22,54,2,1,0,7,0,0,12,4,11,7,10
2023-01-23,53,2,1,0,7,0,0,12,4,11,7,9
2023-01-24,53,1,1,0,7,0,0,13,4,11,7,9
2023-01-25,49,1,1,0,7,0,0,11,2,11,7,9
2023-01-26,51,1,1,0,7,0,0,13,2,11,7,9
2023-01-27,49,1,0,0,7,0,0,13,1,11,7,9
2023-01-28,47,0,0,0,7,0,0,12,1,11,7,9
2023-01-29,45,1,0,0,7,0,0,11,1,10,7,8
2023-01-30,47,2,0,0,7,0,0,11,1,9,8,9
2023-01-31,50,2,0,0,7,0,0,13,1,9,9,9
2023-02-01,45,1,0,0,7,0,0,13,3,9,7,5
2023-02-02,71,2,0,0,7,0,1,15,5,12,10,19
2023-02-03,68,2,0,0,7,0,1,13,5,12,9,19
2023-02-04,68,2,0,0,7,0,1,13,2,13,10,20
2023-02-05,70,2,0,0,7,0,1,13,2,13,12,20
2023-02-06,65,0,0,0,7,0,0,11,3,13,11,20
2023-02-07,69,0,0,0,8,0,1,11,4,13,11,21
2023-02-08,70,0,0,0,8,0,2,11,4,13,11,21
2023-02-09,73,1,1,0,8,0,3,11,4,13,11,21
2023-02-10,67,1,1,0,8,0,3,11,4,13,8,18
2023-02-11,65,1,1,0,8,0,1,11,3,14,8,18
2023-02-12,65,1,1,0,8,0,1,11,3,14,8,18
2023-02-13,69,1,1,0,8,0,1,11,4,14,11,18
2023-02-14,72,1,1,1,8,0,1,11,5,14,12,18
2023-02-15,70,1,0,1,8,0,1,11,5,14,12,17
2023-02-16,71,0,0,1,8,0,1,11,5,14,13,18
2023-02-17,67,0,0,1,8,0,1,11,5,14,12,15
2023-02-18,67,0,0,2,8,0,1,10,5,14,12,15
2023-02-19,69,0,0,2,8,0,1,11,6,14,12,15
2023-02-20,71,0,0,2,8,0,1,11,5,14,14,16
2023-02-21,72,0,0,2,8,0,1,12,5,14,14,16
2023-02-22,71,0,0,2,8,0,1,12,5,14,13,16
2023-02-23,70,0,0,2,8,0,1,12,5,14,13,15
2023-02-24,64,0,0,2,8,0,1,11,3,14,12,13
2023-02-25,64,0,0,2,8,0,1,12,2,14,12,13
2023-02-26,63,0,0,2,8,0,1,12,2,14,12,12
2023-02-27,63,0,0,2,8,0,1,12,2,14,12,12
2023-02-28,62,1,0,2,8,0,1,12,2,14,12,10
2023-03-01,54,1,0,2,8,0,1,12,2,14,6,8
2023-03-02,72,2,0,2,10,0,1,12,2,15,6,22
2023-03-03,75,2,1,2,10,0,1,12,2,15,6,24
2023-03-04,75,2,1,2,10,0,1,12,2,15,6,24
2023-03-05,74,2,1,2,10,0,1,12,2,14,6,24
2023-03-06,76,2,2,2,10,0,1,12,2,14,6,25
2023-03-07,77,2,2,2,10,0,1,13,2,14,6,25
2023-03-08,79,2,2,3,10,0,1,13,2,14,7,25
2023-03-09,80,2,2,3,10,0,1,13,2,15,7,25
2023-03-10,79,2,2,3,10,0,1,13,2,15,7,24
2023-03-11,79,2,2,3,10,0,1,14,2,15,7,23
2023-03-12,79,2,2,3,10,0,1,14,2,15,7,23
2023-03-13,77,1,2,3,10,0,1,14,2,15,6,23
2023-03-14,78,1,2,3,10,0,1,14,2,15,6,24
2023-03-15,75,1,2,3,10,0,1,14,2,14,6,22
2023-03-16,75,1,2,3,10,0,1,14,2,14,6,22
2023-03-17,74,1,2,3,10,0,1,14,2,14,6,21
2023-03-18,75,1,2,3,10,0,1,14,2,14,6,22
2023-03-19,76,1,2,3,10,0,1,15,2,15,6,21
2023-03-20,74,1,2,3,10,0,2,15,2,15,6,18
2023-03-21,74,1,2,3,10,0,2,15,2,15,6,18
2023-03-22,74,1,2,3,10,0,2,15,2,15,6,18
2023-03-23,74,1,2,3,10,0,2,15,2,15,6,18
2023-03-24,74,1,2,3,10,0,2,15,2,15,6,18
2023-03-25,74,1,2,3,10,0,2,15,2,15,6,18
2023-03-26,75,1,2,3,10,0,2,15,2,15,7,18
2023-03-27,76,1,2,3,10,0,3,15,2,15,7,18
2023-03-28,75,1,2,3,10,0,3,15,2,14,7,18
2023-03-29,75,1,2,3,10,0,3,15,2,14,7,18
2023-03-30,76,1,2,3,10,0,3,15,2,14,9,17
2023-03-31,74,1,2,3,10,0,3,15,2,14,9,15
2023-04-01,70,1,2,3,10,0,3,15,2,14,9,11
2023-04-02,81,1,3,3,11,0,3,15,2,16,10,17
2023-04-03,81,1,3,3,11,0,3,15,2,16,9,18
2023-04-04,81,1,3,3,11,0,3,15,2,16,9,18
2023-04-05,80,1,3,3,11,0,3,15,2,15,9,18
2023-04-06,80,1,3,3,11,0,3,15,2,15,9,18
2023-04-07,80,1,3,3,11,0,3,15,2,15,9,18
2023-04-08,81,1,3,3,11,0,3,15,2,16,9,18
2023-04-09,83,1,3,3,11,0,3,15,2,17,10,18
2023-04-10,83,1,3,3,11,0,3,15,2,17,10,18
2023-04-11,83,1,3,3,11,0,3,15,2,17,10,18
2023-04-12,83,1,3,3,11,0,3,15,2,17,10,18
2023-04-13,83,1,3,3,11,0,3,15,2,17,10,18
2023-04-14,82,1,3,3,11,0,2,15,2,17,10,18
2023-04-15,81,1,3,3,11,0,2,15,2,17,11,16
2023-04-16,82,1,3,3,11,0,2,15,2,17,12,16
2023-04-17,84,1,3,3,11,0,2,16,2,17,13,16
2023-04-18,85,1,3,3,11,0,2,16,3,17,13,16
2023-04-19,85,1,3,3,11,0,2,16,3,17,13,16
2023-04-20,85,1,3,3,11,0,2,16,3,17,13,16
2023-04-21,85,1,3,3,11,0,2,16,3,17,13,16
2023-04-22,85,1,3,3,11,0,2,16,3,17,13,16
2023-04-23,85,1,3,3,11,0,2,16,3,17,13,16
2023-04-24,85,1,3,3,11,0,2,16,3,17,13,16
2023-04-25,85,1,3,3,11,0,2,16,3,17,13,16
2023-04-26,85,1,3,3,11,0,2,16,3,17,13,16
2023-04-27,85,1,3,3,11,0,2,17,3,17,13,15
2023-04-28,81,1,3,3,11,0,2,16,3,16,14,12
2023-04-29,70,1,3,3,11,0,2,15,3,10,14,8
2023-04-30,950,91,152,38,11,2,106,322,196,10,15,7
2023-05-01,946,92,152,38,9,2,105,327,196,7,15,3
2023-05-02,1063,95,156,39,12,2,107,339,197,17,80,19
2023-05-03,1068,95,156,39,12,2,107,339,197,18,83,20
2023-05-04,1067,95,155,39,12,2,106,339,197,18,84,20
2023-05-05,1070,95,156,39,12,2,106,339,196,19,85,21
2023-05-06,115,2,6,2,12,2,3,24,7,19,17,21
2023-05-07,115,2,6,2,12,2,3,24,7,19,17,21
2023-05-08,112,2,5,2,12,2,3,24,7,19,15,21
2023-05-09,114,2,5,2,12,2,3,24,7,19,16,22
2023-05-10,116,2,5,2,13,2,3,24,8,19,16,22
2023-05-11,107,2,5,2,13,2,2,21,8,19,12,21
2023-05-12,104,3,4,2,13,2,2,22,9,19,8,20
2023-05-13,104,4,4,2,13,1,2,22,9,19,8,20
2023-05-14,105,4,5,2,13,1,2,22,9,19,9,19
2023-05-15,102,4,5,2,13,1,3,21,9,18,11,15
2023-05-16,107,4,5,2,13,1,3,23,9,18,13,16
2023-05-17,107,3,5,2,13,1,3,22,9,18,14,17
2023-05-18,107,3,5,2,13,0,3,23,9,18,13,18
2023-05-19,105,2,5,2,13,0,3,22,11,17,12,18
2023-05-20,104,2,5,2,13,0,3,23,11,17,13,15
2023-05-21,106,2,5,2,13,0,3,24,11,17,14,15
2023-05-22,105,1,5,2,13,0,3,24,11,17,14,15
2023-05-23,108,1,5,2,13,0,3,24,11,18,15,16
2023-05-24,104,1,5,2,13,0,3,24,11,18,12,15
2023-05-25,99,1,5,0,13,0,4,20,11,18,11,16
2023-05-26,100,1,6,0,13,0,5,20,11,18,10,16
2023-05-27,102,1,7,0,13,0,5,21,12,18,9,16
2023-05-28,104,1,7,0,13,0,5,22,12,18,10,16
2023-05-29,111,1,9,0,13,1,7,24,12,17,11,16
2023-05-30,111,3,11,1,13,1,7,22,10,16,11,16
2023-05-31,118,3,13,1,13,1,8,23,13,16,11,16
2023-06-01,140,6,16,1,14,1,17,27,18,16,11,13
2023-06-02,208,7,27,1,14,1,24,38,29,26,19,22
2023-06-03,245,10,30,2,14,1,33,51,33,26,22,23
2023-06-04,262,12,32,2,14,1,35,58,37,26,21,24
2023-06-05,430,29,58,5,14,3,68,105,74,26,24,24
2023-06-06,429,29,58,5,14,3,67,105,75,26,24,23
2023-06-07,430,29,58,5,14,4,67,105,75,26,24,23
2023-06-08,431,29,58,5,14,4,67,105,75,26,25,23
2023-06-09,433,29,58,5,14,4,67,106,75,26,25,24
2023-06-10,220,8,14,1,14,3,29,43,32,26,26,24
2023-06-11,221,8,14,1,14,3,29,43,32,26,27,24
2023-06-12,221,8,14,1,14,3,29,44,32,26,27,23
2023-06-13,216,9,12,0,14,3,20,48,33,26,28,23
2023-06-14,216,9,12,0,14,3,20,47,34,26,28,23
2023-06-15,200,6,12,0,14,3,15,44,32,26,29,19
2023-06-16,199,6,11,0,14,3,15,44,32,25,30,19
2023-06-17,164,5,8,0,14,3,9,27,23,26,30,19
2023-06-18,173,6,9,0,14,3,9,35,22,26,30,19
2023-06-19,169,6,9,0,14,3,9,37,23,25,25,18
2023-06-20,169,6,9,0,14,3,7,40,22,25,26,17
2023-06-21,168,6,9,0,14,3,7,40,21,25,26,17
2023-06-22,141,4,7,0,14,1,5,32,13,25,23,17
2023-06-23,143,4,8,0,14,1,5,32,13,26,23,17
2023-06-24,145,4,9,0,14,1,5,32,14,26,24,16
2023-06-25,146,4,9,0,14,1,5,32,14,26,25,16
2023-06-26,144,4,10,0,14,1,5,32,14,26,22,16
2023-06-27,114,1,7,0,14,0,2,19,11,26,19,15
2023-06-28,113,1,7,0,14,0,3,20,11,26,16,15
2023-06-29,113,1,7,0,14,0,3,20,11,26,16,15
2023-06-30,111,0,7,0,14,0,4,19,12,26,16,13
2023-07-01,108,0,8,0,14,0,4,21,12,26,16,7
2023-07-02,159,1,12,0,15,0,6,27,17,33,19,29
2023-07-03,165,2,13,0,15,0,6,30,17,33,17,32
2023-07-04,164,1,14,1,15,0,6,29,18,33,15,32
2023-07-05,164,2,14,1,15,0,6,29,18,34,13,32
2023-07-06,163,2,14,1,15,0,6,29,18,34,12,32
2023-07-07,133,1,5,0,15,0,5,17,11,34,13,32
2023-07-08,137,1,4,0,15,0,5,19,11,34,16,32
2023-07-09,138,1,4,0,15,0,5,18,12,34,17,32
2023-07-10,137,1,5,0,15,0,5,18,12,34,15,32
2023-07-11,134,1,5,0,15,0,5,17,12,34,13,32
2023-07-12,132,1,5,0,15,0,5,17,12,34,12,31
2023-07-13,132,1,5,0,15,0,5,17,12,34,12,31
2023-07-14,120,1,3,0,15,0,3,13,10,34,10,31
2023-07-15,119,1,3,0,15,0,3,13,10,34,10,30
2023-07-16,121,0,3,0,15,0,3,13,10,34,13,30
2023-07-17,123,1,3,0,15,0,3,13,10,34,14,30
2023-07-18,111,1,1,0,15,0,2,8,8,34,12,30
2023-07-19,108,1,1,0,15,0,2,8,9,34,8,30
2023-07-20,108,1,2,0,15,0,2,8,9,34,8,29
2023-07-21,107,1,2,0,15,0,2,9,9,34,6,29
2023-07-22,108,1,2,0,15,0,2,10,8,34,7,29
2023-07-23,110,1,2,0,15,0,2,10,8,35,8,29
2023-07-24,107,1,2,0,15,0,2,10,8,35,6,28
2023-07-25,107,1,2,0,15,0,2,10,7,35,7,28
2023-07-26,107,1,2,0,15,0,2,9,8,35,8,27
2023-07-27,106,2,2,0,15,0,3,6,8,35,8,27
2023-07-28,105,2,2,0,15,0,3,6,7,35,8,27
2023-07-29,105,2,2,0,15,0,3,6,7,35,8,27
2023-07-30,109,3,2,1,15,0,3,6,7,35,10,27
2023-07-31,107,3,2,1,15,0,3,6,7,35,8,27
2023-08-01,98,2,3,2,15,0,2,6,4,35,7,22
2023-08-02,118,4,3,2,15,0,3,6,5,39,9,32
2023-08-03,122,5,3,2,15,0,3,7,4,40,10,33
2023-08-04,123,5,4,1,15,0,4,7,4,40,10,33
2023-08-05,117,2,3,1,15,0,3,6,3,40,11,33
2023-08-06,115,2,3,1,15,0,4,6,3,40,11,30
2023-08-07,110,2,3,1,15,0,4,6,4,40,8,27
2023-08-08,112,2,3,1,15,0,4,7,4,40,9,27
2023-08-09,112,2,3,1,15,0,4,7,4,40,9,27
2023-08-10,108,2,3,1,15,0,3,7,4,40,6,27
2023-08-11,106,2,3,1,15,0,2,5,4,40,7,27
2023-08-12,109,2,5,1,15,0,2,5,4,40,7,28
2023-08-13,109,2,5,1,15,0,2,5,4,40,7,28
2023-08-14,110,3,5,1,15,0,2,5,4,40,7,28
2023-08-15,118,15,5,1,15,0,2,6,4,40,7,23
2023-08-16,154,19,5,1,15,0,3,6,4,71,7,23
2023-08-17,159,19,6,2,15,0,3,6,6,72,7,23
2023-08-18,145,14,4,1,15,0,3,5,3,72,6,22
2023-08-19,178,16,7,2,15,1,8,18,9,72,8,22
2023-08-20,133,10,3,0,15,0,3,4,4,70,5,19
2023-08-21,139,10,4,2,15,0,4,15,3,59,10,17
2023-08-22,137,9,3,3,15,0,4,17,3,57,10,16
2023-08-23,132,9,3,2,15,0,4,18,3,52,9,17
2023-08-24,124,9,3,2,15,0,4,18,1,48,7,17
2023-08-25,156,10,3,2,49,0,3,18,2,45,7,17
2023-08-26,140,11,2,1,49,0,1,8,2,42,7,17
2023-08-27,209,17,14,2,49,1,12,30,16,41,10,17
2023-08-28,208,17,15,2,49,1,12,29,16,40,10,17
2023-08-29,210,17,14,2,49,1,12,27,16,40,15,17
2023-08-30,205,17,14,2,49,1,12,26,16,39,12,17
2023-08-31,195,18,14,2,49,1,11,23,15,32,14,16
2023-09-01,60,9,4,1,2,1,2,8,6,5,12,10
2023-09-02,136,10,7,3,2,1,2,17,8,6,31,49
2023-09-03,141,8,7,3,2,1,2,18,9,6,32,53
2023-09-04,147,8,7,3,2,1,2,18,10,6,34,56
2023-09-05,135,7,7,2,2,1,2,13,10,7,30,54
2023-09-06,133,7,8,2,2,1,3,14,9,7,27,53
2023-09-07,111,2,4,2,2,1,2,8,7,7,23,53
2023-09-08,110,3,4,2,1,1,3,8,7,5,23,53
2023-09-09,111,3,4,2,2,1,3,8,7,5,23,53
2023-09-10,110,3,4,2,2,1,3,8,7,5,22,53
2023-09-11,110,3,5,2,2,1,3,8,7,5,21,53
2023-09-12,109,3,5,2,2,1,3,8,7,5,19,54
2023-09-13,109,4,5,2,2,1,4,8,5,5,19,54
2023-09-14,103,3,3,2,2,1,2,7,4,5,20,54
2023-09-15,98,3,3,2,2,1,2,6,3,5,17,54
2023-09-16,98,3,3,2,2,1,2,7,3,5,17,53
2023-09-17,101,3,3,1,2,1,2,8,5,5,18,53
2023-09-18,100,3,4,1,2,1,2,8,6,5,15,53
2023-09-19,95,2,3,1,2,1,1,7,4,5,16,53
2023-09-20,92,2,3,1,2,1,1,7,4,5,16,50
2023-09-21,93,2,3,1,2,1,1,7,5,5,16,50
2023-09-22,94,2,3,2,2,1,1,7,5,5,16,50
2023-09-23,92,1,4,2,2,1,1,7,5,5,16,48
2023-09-24,91,1,4,2,2,1,1,7,5,5,16,47
2023-09-25,89,1,4,2,2,1,1,7,5,5,15,46
2023-09-26,93,2,4,2,2,1,2,7,5,6,18,44
2023-09-27,87,2,3,2,2,0,2,7,3,6,18,42
2023-09-28,85,2,3,2,2,0,2,7,4,6,15,42
2023-09-29,82,1,3,2,2,0,3,7,4,6,12,42
2023-09-30,80,1,3,2,2,0,3,9,4,6,11,39
2023-10-01,85,2,3,2,2,0,3,14,4,6,12,37
2023-10-02,102,3,3,3,2,1,3,16,6,7,14,44
2023-10-03,101,3,4,3,2,1,3,15,6,7,13,44
2023-10-04,103,3,4,3,2,1,3,17,6,7,13,44
2023-10-05,98,1,4,3,2,1,3,17,5,7,12,43
2023-10-06,100,1,4,3,2,1,4,16,7,7,13,42
2023-10-07,99,1,4,3,2,2,5,12,7,7,14,42
2023-10-08,103,1,6,3,2,2,5,12,8,7,15,42
2023-10-09,101,2,6,3,2,2,5,12,8,7,15,39
2023-10-10,99,2,6,3,2,2,5,12,8,7,14,38
2023-10-11,98,2,5,3,2,2,5,12,8,7,14,38
2023-10-12,91,2,5,2,2,2,3,12,5,7,13,38
2023-10-13,91,2,5,2,2,2,4,10,5,7,13,39
2023-10-14,91,2,5,2,2,2,4,10,5,7,13,39
2023-10-15,90,2,6,2,2,2,4,10,5,7,13,37
2023-10-16,91,2,5,2,2,2,5,10,5,7,14,37
2023-10-17,92,1,6,2,2,2,5,10,6,7,14,37
2023-10-18,88,1,5,1,2,1,5,11,4,7,14,37
2023-10-19,85,1,4,1,2,1,5,9,4,7,14,37
2023-10-20,79,1,3,1,2,1,5,9,4,7,12,34
2023-10-21,81,1,4,1,2,1,5,9,5,7,12,34
2023-10-22,81,1,4,1,2,1,5,10,5,7,11,34
2023-10-23,81,1,4,1,2,1,5,10,5,7,11,34
2023-10-24,80,1,5,1,2,0,5,10,5,7,10,34
2023-10-25,78,0,5,1,2,0,5,10,5,7,10,33
2023-10-26,78,0,5,1,2,0,5,10,5,7,10,33
2023-10-27,78,0,5,1,2,0,5,10,5,7,10,33
2023-10-28,78,0,5,1,2,0,5,10,6,7,10,32
2023-10-29,77,0,5,1,2,0,5,10,6,7,10,31
2023-10-30,75,0,5,0,2,0,5,10,6,7,10,30
2023-10-31,70,0,5,0,2,0,5,10,6,7,9,26
2023-11-01,64,0,5,0,2,0,5,10,6,8,9,19
2023-11-02,75,0,5,0,2,0,7,12,6,9,10,24
2023-11-03,77,0,4,0,2,0,7,10,6,10,12,26
2023-11-04,78,0,4,0,2,0,7,10,6,10,12,27
2023-11-05,79,0,4,0,2,0,7,10,6,10,11,29
2023-11-06,81,0,4,0,2,0,6,11,6,10,12,30
2023-11-07,78,0,3,0,2,0,4,11,4,10,13,31
2023-11-08,76,0,3,0,2,0,4,11,4,10,11,31
2023-11-09,75,0,3,0,2,0,4,10,4,10,11,31
2023-11-10,70,0,3,0,2,0,4,9,4,10,11,27
2023-11-11,67,0,3,0,2,0,3,9,3,10,11,26
2023-11-12,68,1,3,0,2,0,3,10,3,10,11,25
2023-11-13,66,1,1,0,2,0,3,10,3,10,11,25
2023-11-14,66,1,1,0,2,0,3,9,4,10,11,25
2023-11-15,67,1,1,0,2,0,3,11,4,10,11,24
2023-11-16,67,1,1,0,2,0,3,11,5,10,11,23
2023-11-17,66,1,1,0,2,0,3,11,5,10,11,22
2023-11-18,65,1,1,0,2,0,3,9,5,10,12,22
2023-11-19,67,1,1,0,2,0,3,9,5,11,13,22
2023-11-20,65,1,1,0,2,0,3,9,5,11,12,21
2023-11-21,66,1,1,0,2,0,3,10,5,11,12,21
2023-11-22,66,1,1,0,2,0,3,10,5,11,13,20
2023-11-23,64,1,1,0,2,0,3,10,4,11,12,20
2023-11-24,64,1,1,1,2,0,3,9,4,11,12,20
2023-11-25,61,0,1,1,2,0,3,8,4,11,11,20
2023-11-26,60,0,1,1,2,0,3,8,4,11,11,19
2023-11-27,61,0,1,1,2,0,3,9,4,11,11,19
2023-11-28,58,0,1,1,2,0,1,10,2,11,11,19
2023-11-29,58,0,0,1,2,0,2,10,2,11,11,19
2023-11-30,57,0,0,1,2,0,2,10,2,11,11,18
2023-12-01,43,0,0,1,2,0,2,6,2,9,10,11
2023-12-02,59,1,1,1,3,0,3,6,3,12,13,16
2023-12-03,61,1,2,1,3,0,3,6,3,12,13,17
2023-12-04,64,1,2,2,3,0,3,8,3,12,13,17
2023-12-05,63,0,2,2,3,0,3,8,3,12,13,17
2023-12-06,61,0,2,2,3,0,2,8,2,12,12,18
2023-12-07,59,0,2,1,3,0,2,8,2,12,11,18
2023-12-08,58,0,1,1,3,0,2,8,2,12,11,18
2023-12-09,57,0,1,1,3,0,2,7,2,12,11,18
2023-12-10,56,0,1,1,3,0,2,7,2,12,11,17
2023-12-11,58,0,1,1,3,0,2,8,3,12,11,17
2023-12-12,56,0,1,1,3,0,1,8,2,12,11,17
2023-12-13,56,0,1,1,3,0,2,7,2,12,11,17
2023-12-14,50,0,1,1,3,0,2,3,1,12,11,16
2023-12-15,45,1,0,0,3,0,2,4,1,12,10,12
2023-12-16,45,1,0,0,3,0,1,4,1,12,11,12
2023-12-17,45,1,0,0,3,0,1,4,1,12,11,12
2023-12-18,45,1,0,0,3,0,1,3,1,12,11,13
2023-12-19,50,1,1,1,3,0,1,4,2,12,11,14
2023-12-20,51,2,1,1,3,0,2,5,3,12,11,11
2023-12-21,58,2,2,1,3,0,3,7,4,12,13,11
2023-12-22,60,2,2,2,3,0,6,6,4,12,13,10
2023-12-23,65,1,6,1,3,0,5,7,6,12,14,10
2023-12-24,170,13,27,3,3,0,26,35,27,12,14,10
2023-12-25,175,13,27,3,3,0,27,36,30,12,15,9
2023-12-26,183,13,27,3,3,1,28,38,33,12,17,8
2023-12-27,185,14,27,3,3,1,28,40,33,12,16,8
2023-12-28,184,15,27,2,3,1,29,41,33,12,13,8
2023-12-29,185,15,27,2,3,1,31,41,33,12,12,8
2023-12-30,186,15,28,2,3,1,31,43,33,12,9,9
2023-12-31,190,15,29,2,3,1,33,43,35,12,9,8
2024-01-01,191,17,33,2,3,1,33,48,35,7,8,4
2024-01-02,259,21,41,2,3,1,36,51,40,12,21,31
2024-01-03,264,22,42,2,3,1,37,52,39,12,21,33
2024-01-04,267,22,41,2,3,1,39,52,40,12,21,34
2024-01-05,253,21,36,2,3,1,38,51,41,10,20,30
2024-01-06,244,20,34,2,3,1,38,47,39,10,20,30
2024-01-07,85,3,4,1,3,0,2,9,7,10,16,30
2024-01-08,84,4,4,1,3,0,2,11,7,9,16,27
2024-01-09,82,3,4,1,3,0,2,11,5,10,16,27
2024-01-10,79,3,4,1,3,0,2,10,5,10,16,25
2024-01-11,83,5,4,1,3,0,2,11,6,10,17,24
2024-01-12,76,5,3,1,3,0,2,9,6,11,15,21
2024-01-13,75,5,3,1,3,0,2,10,4,11,15,21
2024-01-14,74,5,3,1,3,0,2,10,3,11,15,21
2024-01-15,64,5,3,1,3,0,2,9,2,9,12,18
2024-01-16,60,4,1,0,3,0,2,9,3,9,12,17
2024-01-17,59,4,1,0,3,0,2,9,3,9,11,17
2024-01-18,59,5,1,0,3,0,2,9,3,9,12,15
2024-01-19,58,5,0,0,3,0,2,8,4,9,12,15
2024-01-20,54,5,0,0,3,0,2,11,4,9,9,11
2024-01-21,54,5,0,0,3,0,2,11,4,9,9,11
2024-01-22,54,5,0,0,3,0,2,11,4,9,9,11
2024-01-23,56,5,0,0,3,0,2,11,5,9,9,12
2024-01-24,57,5,0,0,3,0,2,12,5,9,9,12
2024-01-25,57,5,0,0,3,0,2,12,6,9,9,11
2024-01-26,56,5,0,0,3,0,2,12,5,9,9,11
2024-01-27,55,5,0,0,3,0,1,12,5,9,9,11
2024-01-28,49,3,0,0,3,0,1,10,3,9,9,11
2024-01-29,50,3,0,1,3,0,1,10,3,9,9,11
2024-01-30,54,2,0,1,3,0,1,13,3,9,10,12
2024-01-31,51,1,0,1,3,0,1,13,2,9,10,11
2024-02-01,47,1,0,2,2,0,1,13,2,7,10,9
2024-02-02,60,2,1,2,2,0,2,12,3,9,12,15
2024-02-03,58,1,1,2,2,0,2,11,3,9,12,15
2024-02-04,60,0,1,2,2,0,2,12,3,9,13,16
2024-02-05,62,0,1,2,2,0,2,11,3,10,13,18
2024-02-06,61,0,2,2,2,0,2,9,3,10,13,18
2024-02-07,60,0,2,2,2,0,1,9,3,10,13,18
2024-02-08,61,0,3,2,2,0,1,9,3,10,13,18
2024-02-09,60,0,3,2,2,0,2,8,3,10,12,18
2024-02-10,59,0,3,0,2,0,3,8,3,10,12,18
2024-02-11,59,0,3,0,2,0,3,8,3,10,12,18
2024-02-12,59,0,3,0,2,0,3,8,3,10,12,18
2024-02-13,61,1,4,0,2,0,3,8,2,10,13,18
2024-02-14,59,1,4,0,2,0,3,7,1,10,13,18
2024-02-15,55,1,3,0,2,0,3,7,1,10,11,17
2024-02-16,49,0,2,0,2,0,2,5,2,10,12,14
2024-02-17,48,0,1,0,2,0,2,5,2,10,12,14
2024-02-18,48,0,2,0,2,0,2,5,2,10,11,14
2024-02-19,50,0,2,0,2,0,2,6,2,10,12,14
2024-02-20,47,0,2,0,2,0,2,6,1,10,11,13
2024-02-21,46,0,2,0,2,0,2,6,1,10,11,12
2024-02-22,45,0,2,0,2,0,2,6,1,10,11,11
2024-02-23,43,0,2,0,2,0,2,6,1,11,10,9
2024-02-24,44,0,2,0,2,0,2,6,1,11,11,9
2024-02-25,44,0,2,0,2,0,2,6,1,11,11,9
2024-02-26,45,0,2,0,2,0,3,7,1,11,10,9
2024-02-27,44,0,3,0,2,0,3,7,1,11,9,8
2024-02-28,43,0,3,0,2,0,3,8,1,10,8,8
2024-02-29,44,0,3,0,2,0,3,8,1,10,9,8
2024-03-01,37,0,3,0,2,0,3,8,1,9,9,2
2024-03-02,55,1,3,0,2,0,4,13,2,11,11,8
2024-03-03,59,1,3,0,2,0,4,13,2,11,15,8
2024-03-04,60,1,4,0,2,0,4,13,2,11,15,8
2024-03-05,57,1,4,0,2,0,4,12,2,11,13,8
2024-03-06,56,1,4,0,2,0,4,12,2,10,13,8
2024-03-07,56,1,4,0,2,0,4,12,2,10,13,8
2024-03-08,57,1,4,0,2,0,4,12,2,11,14,7
2024-03-09,56,1,4,0,2,0,4,12,2,11,14,6
2024-03-10,55,1,4,0,2,0,4,12,2,11,14,5
2024-03-11,54,1,4,0,2,0,4,12,2,11,14,4
2024-03-12,54,1,4,0,2,0,4,12,2,11,14,4
2024-03-13,55,1,4,0,2,0,4,12,2,11,15,4
2024-03-14,54,1,4,0,2,0,4,12,2,11,15,3
2024-03-15,53,1,4,0,2,0,3,12,2,11,15,3
2024-03-16,52,1,4,0,2,0,3,12,2,11,14,3
2024-03-17,52,1,4,0,2,0,3,12,2,11,14,3
2024-03-18,51,1,4,0,2,0,3,12,2,11,14,2
2024-03-19,52,1,4,0,2,0,4,12,2,11,14,2
2024-03-20,53,1,4,0,2,0,4,12,2,11,15,2
2024-03-21,53,1,4,0,2,0,4,12,2,11,15,2
2024-03-22,53,1,4,0,2,0,4,12,2,11,15,2
2024-03-23,53,1,5,0,2,0,4,12,2,11,14,2
2024-03-24,53,1,5,0,2,0,4,12,2,11,14,2
2024-03-25,52,1,5,0,2,0,4,12,2,11,14,1
2024-03-26,47,1,5,0,2,0,4,12,2,11,9,1
2024-03-27,48,1,5,0,2,0,4,12,2,11,10,1
2024-03-28,48,1,5,0,2,0,4,12,2,11,10,1
2024-03-29,48,1,5,0,2,0,4,13,2,11,9,1
2024-03-30,48,1,5,0,2,0,4,13,2,11,9,1
2024-03-31,47,1,5,0,2,0,4,13,2,11,9,0
2024-04-01,47,1,5,0,2,0,4,14,2,10,9,0
2024-04-02,59,2,5,0,2,0,4,14,2,14,11,5
2024-04-03,58,2,5,0,2,0,4,14,2,14,10,5
2024-04-04,58,2,5,0,2,0,4,14,2,14,10,5
2024-04-05,58,2,5,0,2,0,4,14,2,14,10,5
2024-04-06,57,2,5,0,2,0,4,14,2,13,10,5
2024-04-07,59,2,5,0,2,0,4,14,2,14,11,5
2024-04-08,57,2,5,0,2,0,4,14,2,14,11,3
2024-04-09,56,2,5,0,2,0,4,14,2,14,11,2
2024-04-10,56,2,5,0,2,0,4,14,2,14,11,2
2024-04-11,56,2,5,0,2,0,4,14,2,14,11,2
2024-04-12,56,2,5,0,2,0,4,14,2,14,11,2
2024-04-13,57,3,5,0,2,0,4,14,2,14,11,2
2024-04-14,57,3,5,0,2,0,4,14,2,14,11,2
2024-04-15,56,3,5,0,2,0,4,14,2,13,11,2
2024-04-16,56,3,5,0,2,0,4,14,2,13,11,2
2024-04-17,56,3,5,0,2,0,4,14,2,13,11,2
2024-04-18,56,3,5,0,2,0,4,14,2,13,11,2
2024-04-19,56,3,5,0,2,0,4,14,2,13,11,2
2024-04-20,56,3,5,0,2,0,4,15,2,13,11,1
2024-04-21,56,3,5,0,2,0,4,15,2,13,11,1
2024-04-22,56,3,5,0,2,0,4,15,2,13,11,1
2024-04-23,56,3,5,0,2,0,4,15,2,13,11,1
2024-04-24,55,3,5,0,2,0,4,15,2,13,10,1
2024-04-25,55,3,5,0,2,0,4,15,2,13,10,1
2024-04-26,51,3,5,0,2,0,4,15,2,13,7,0
2024-04-27,51,3,5,0,2,0,4,15,2,13,7,0
2024-04-28,45,3,5,0,2,0,4,15,2,6,8,0
2024-04-29,926,114,118,34,2,1,134,330,179,6,8,0
2024-04-30,931,114,118,34,2,1,137,332,180,6,7,0
2024-05-01,922,105,119,35,2,1,136,336,181,3,4,0
2024-05-02,1009,107,120,34,3,1,138,348,182,15,51,10
2024-05-03,1003,106,120,34,3,1,138,344,179,17,51,10
2024-05-04,998,104,119,34,3,1,137,342,178,17,53,10
2024-05-05,115,3,13,5,3,0,8,25,9,18,21,10
2024-05-06,126,3,13,5,3,0,10,27,13,18,24,10
2024-05-07,127,3,13,5,3,0,10,27,14,18,25,9
2024-05-08,112,4,7,4,3,0,10,19,15,18,24,8
2024-05-09,117,6,7,5,3,0,11,19,15,18,25,8
2024-05-10,112,6,8,5,3,0,9,19,14,18,24,6
2024-05-11,112,5,7,5,3,0,8,21,14,18,25,6
2024-05-12,105,5,6,5,3,0,8,16,13,18,25,6
2024-05-13,105,4,6,5,3,0,9,17,13,18,24,6
2024-05-14,106,4,7,5,3,0,9,16,13,18,25,6
2024-05-15,102,4,7,5,3,0,9,17,11,18,23,5
2024-05-16,103,5,8,6,3,0,8,15,11,18,24,5
2024-05-17,94,5,5,6,3,0,8,10,11,18,24,4
2024-05-18,90,5,5,6,3,0,6,10,8,18,25,4
2024-05-19,91,4,5,6,3,0,6,11,8,18,26,4
2024-05-20,85,4,3,6,3,0,6,12,7,18,25,1
2024-05-21,84,5,3,5,3,0,6,11,8,18,25,0
2024-05-22,84,4,3,5,3,0,6,12,8,18,25,0
2024-05-23,83,4,3,5,3,0,5,12,8,18,25,0
2024-05-24,85,4,3,5,3,0,5,13,8,18,26,0
2024-05-25,75,4,2,3,3,0,5,11,3,18,26,0
2024-05-26,75,3,2,3,3,0,5,11,3,18,27,0
2024-05-27,72,2,2,3,3,0,5,11,3,18,25,0
2024-05-28,74,2,2,3,3,0,5,12,4,18,25,0
2024-05-29,73,2,2,3,3,0,5,13,4,18,23,0
2024-05-30,73,2,2,3,3,0,5,13,4,18,23,0
2024-05-31,75,2,2,3,3,0,5,13,5,18,24,0
2024-06-01,500,57,74,8,3,1,103,134,86,11,23,0
2024-06-02,543,57,77,9,3,2,106,143,89,25,27,5
2024-06-03,545,58,77,9,3,2,106,142,89,25,27,7
2024-06-04,547,58,77,9,3,2,106,145,89,25,25,8
2024-06-05,537,58,77,9,3,2,104,142,89,26,18,9
2024-06-06,533,57,79,9,3,2,102,142,88,24,20,7
2024-06-07,104,4,8,3,3,0,11,14,9,24,21,7
2024-06-08,104,4,8,3,3,0,10,13,10,24,22,7
2024-06-09,102,4,8,3,3,0,9,13,9,24,23,6
2024-06-10,96,4,8,3,3,0,9,12,9,26,18,4
2024-06-11,91,4,6,1,3,0,9,13,8,26,17,4
2024-06-12,93,11,6,1,3,0,9,14,5,26,16,2
2024-06-13,93,11,6,1,3,0,8,14,5,26,17,2
2024-06-14,95,11,5,1,3,0,8,14,6,26,19,2
2024-06-15,86,11,5,0,3,0,8,10,6,26,15,2
2024-06-16,85,10,5,0,3,0,8,10,6,26,14,3
2024-06-17,83,7,4,0,3,0,9,10,6,26,15,3
2024-06-18,82,7,4,0,3,0,7,9,6,26,17,3
2024-06-19,84,7,6,0,3,0,7,9,6,26,17,3
2024-06-20,82,7,6,0,3,0,7,8,6,26,16,3
2024-06-21,82,7,6,0,3,0,6,8,7,26,16,3
2024-06-22,82,7,5,0,3,0,6,9,7,26,16,3
2024-06-23,80,7,5,0,3,0,6,9,5,26,16,3
2024-06-24,80,7,5,0,3,0,6,9,5,26,16,3
2024-06-25,79,7,5,0,3,0,6,8,5,26,16,3
2024-06-26,80,7,5,0,3,0,6,8,6,26,16,3
2024-06-27,79,12,5,0,3,0,6,8,5,26,11,3
2024-06-28,74,12,5,0,3,0,2,9,4,26,10,3
2024-06-29,71,11,5,0,3,0,2,6,4,25,12,3
2024-06-30,71,10,5,0,3,0,2,7,4,25,12,3
2024-07-01,58,5,4,1,3,0,2,6,5,24,6,2
2024-07-02,110,12,4,1,6,0,6,9,8,32,11,21
2024-07-03,116,12,4,2,6,1,7,11,8,33,9,23
2024-07-04,113,10,3,2,6,1,8,10,8,33,9,23
2024-07-05,98,7,1,1,6,1,3,10,6,33,8,22
2024-07-06,98,7,1,1,6,1,2,10,6,33,7,24
2024-07-07,95,5,1,1,6,1,2,10,6,33,6,24
2024-07-08,96,5,1,1,6,1,2,10,6,33,7,24
2024-07-09,100,5,3,1,6,0,3,10,8,33,8,23
2024-07-10,96,4,3,1,6,0,2,11,6,33,7,23
2024-07-11,92,4,2,1,6,0,2,9,6,33,7,22
2024-07-12,91,4,2,1,6,0,2,8,5,33,8,22
2024-07-13,88,1,2,1,6,0,2,8,5,33,8,22
2024-07-14,88,1,2,1,6,0,2,8,4,33,9,22
2024-07-15,81,1,2,1,6,0,2,6,2,33,9,19
2024-07-16,80,1,3,1,6,1,2,4,2,33,8,19
2024-07-17,81,1,3,1,6,1,2,4,2,33,9,19
2024-07-18,77,1,2,1,6,1,2,4,2,33,6,19
2024-07-19,74,1,1,1,6,1,2,4,1,33,6,18
2024-07-20,73,1,1,1,6,1,2,4,1,33,8,15
2024-07-21,74,0,2,1,6,1,2,4,1,33,9,15
2024-07-22,73,0,2,1,6,1,2,4,1,33,8,15
2024-07-23,73,0,2,1,6,1,2,4,1,33,8,15
2024-07-24,73,0,2,1,6,1,2,4,1,33,8,15
2024-07-25,72,0,2,1,6,1,1,6,1,33,8,13
2024-07-26,68,0,2,1,6,1,1,7,1,33,7,9
2024-07-27,70,0,1,2,6,1,2,7,1,33,8,9
2024-07-28,69,0,1,2,6,1,2,5,2,33,8,9
2024-07-29,64,0,1,2,6,1,2,3,1,33,6,9
2024-07-30,64,0,2,2,6,1,1,3,1,33,6,9
2024-07-31,67,0,2,2,6,1,2,4,2,33,8,7
2024-08-01,61,0,1,2,6,1,2,7,3,30,5,4
2024-08-02,123,4,5,3,6,2,3,8,4,33,22,33
2024-08-03,124,4,5,3,6,2,1,8,3,34,24,34
2024-08-04,124,4,4,3,6,2,0,9,3,34,25,34
2024-08-05,116,1,1,2,6,2,0,9,3,34,24,34
2024-08-06,108,1,2,2,6,2,0,11,3,34,14,33
2024-08-07,107,1,2,2,6,2,0,10,3,34,14,33
2024-08-08,98,1,2,2,6,2,0,7,2,34,11,31
2024-08-09,98,1,2,2,6,2,0,7,2,34,12,30
2024-08-10,97,1,2,2,6,2,0,7,1,34,12,30
2024-08-11,93,1,2,2,6,1,0,4,0,33,14,30
2024-08-12,89,1,2,2,6,1,0,4,0,33,13,27
2024-08-13,91,2,2,2,6,1,0,6,0,33,12,27
2024-08-14,92,2,3,2,6,1,0,5,1,32,13,27
2024-08-15,89,2,4,2,6,1,0,5,2,31,11,25
2024-08-16,115,2,3,2,6,1,0,5,2,59,11,24
2024-08-17,111,2,2,2,6,1,0,5,1,58,10,24
2024-08-18,130,4,3,3,6,1,4,8,4,58,15,24
2024-08-19,132,6,3,3,6,1,5,11,4,57,15,21
2024-08-20,128,5,3,3,6,1,5,12,4,54,16,19
2024-08-21,123,5,3,3,6,1,4,12,3,52,15,19
2024-08-22,99,2,1,2,6,0,0,9,1,51,10,17
2024-08-23,92,0,1,2,6,0,0,9,1,48,10,15
2024-08-24,91,0,1,2,6,0,1,9,2,44,11,15
2024-08-25,198,9,12,3,35,0,14,42,15,41,12,15
2024-08-26,195,9,12,2,35,0,14,43,15,39,11,15
2024-08-27,199,9,12,3,35,0,15,45,17,36,11,16
2024-08-28,199,9,12,3,35,0,14,47,17,35,11,16
2024-08-29,190,8,10,3,35,0,13,46,17,31,11,16
2024-08-30,178,7,9,3,35,0,13,42,17,27,11,14
2024-08-31,96,2,0,1,35,0,2,8,6,20,11,11
2024-09-01,47,3,1,1,0,0,2,9,8,4,10,9
2024-09-02,105,6,5,1,0,0,7,10,8,5,25,38
2024-09-03,104,5,5,1,1,0,6,12,8,5,23,38
2024-09-04,91,3,3,1,1,0,5,13,9,5,13,38
2024-09-05,94,1,3,1,1,0,5,17,9,6,13,38
2024-09-06,89,0,4,1,1,0,2,17,9,5,12,38
2024-09-07,87,1,4,1,1,0,2,17,8,5,10,38
2024-09-08,83,1,4,1,1,0,2,18,3,5,10,38
2024-09-09,82,2,5,1,1,0,2,16,3,5,10,37
2024-09-10,83,2,5,1,1,0,1,17,4,5,10,37
2024-09-11,78,2,4,1,1,0,1,12,4,6,10,37
2024-09-12,77,2,4,1,1,0,1,13,4,6,8,37
2024-09-13,74,2,4,1,1,0,1,13,3,6,6,37
2024-09-14,75,2,4,1,1,0,2,13,3,6,6,37
2024-09-15,71,2,4,1,1,0,2,13,3,6,5,34
2024-09-16,72,2,2,1,0,0,2,13,4,6,8,34
2024-09-17,72,2,2,1,1,0,2,13,4,6,8,33
2024-09-18,69,1,2,1,1,0,2,13,4,6,7,32
2024-09-19,67,1,2,1,1,0,2,12,4,6,7,31
2024-09-20,68,2,2,1,1,0,2,12,6,6,8,28
2024-09-21,70,3,2,1,1,0,2,12,7,6,8,28
2024-09-22,71,3,2,0,1,0,2,13,8,6,8,28
2024-09-23,68,3,2,0,1,0,2,14,8,6,7,25
2024-09-24,67,3,2,0,1,0,2,14,7,6,6,26
2024-09-25,62,1,2,0,1,0,2,14,6,6,6,24
2024-09-26,61,1,2,0,1,0,2,14,5,6,6,24
2024-09-27,52,1,1,0,1,0,1,11,6,6,5,20
2024-09-28,47,2,1,0,1,0,1,11,6,6,5,14
2024-09-29,45,2,1,0,1,0,1,12,6,5,5,12
2024-09-30,44,3,1,0,1,0,1,13,7,5,4,9
2024-10-01,36,3,1,0,1,0,1,14,6,3,2,5
2024-10-02,54,4,3,0,1,0,1,17,6,3,5,14
2024-10-03,54,4,3,0,1,0,1,15,6,3,5,16
2024-10-04,53,3,2,0,1,0,3,15,5,4,4,16
2024-10-05,49,2,2,0,1,0,3,15,3,4,4,15
2024-10-06,47,1,1,0,1,0,3,15,3,4,4,15
2024-10-07,45,1,1,0,1,0,4,15,1,4,4,14
2024-10-08,47,1,1,0,1,0,3,15,3,4,5,14
2024-10-09,45,1,1,0,1,0,3,15,3,4,5,12
2024-10-10,44,1,1,0,1,0,3,15,3,4,5,11
2024-10-11,42,2,0,0,1,0,2,14,3,4,5,11
2024-10-12,42,2,0,0,1,0,2,14,3,4,5,11
2024-10-13,39,3,0,0,1,0,2,11,3,4,4,11
2024-10-14,38,3,0,0,1,0,2,11,2,4,4,11
2024-10-15,35,3,0,0,1,0,2,11,2,4,4,8
2024-10-16,36,3,0,0,1,0,1,11,3,4,5,8
2024-10-17,37,3,0,0,1,0,1,11,3,4,6,8
2024-10-18,37,4,0,1,1,0,1,11,3,4,4,8
2024-10-19,34,4,0,1,1,0,1,11,0,4,4,8
2024-10-20,32,3,0,1,1,0,1,10,0,4,4,8
2024-10-21,31,3,0,0,1,0,1,10,0,4,4,8
2024-10-22,32,3,0,0,1,0,1,11,0,4,4,8
2024-10-23,33,3,0,0,1,0,1,11,1,4,4,8
2024-10-24,33,3,0,0,1,0,1,11,1,4,4,8
2024-10-25,33,3,0,0,1,0,1,11,1,4,4,8
2024-10-26,34,3,0,0,1,0,1,11,1,4,5,8
2024-10-27,35,3,0,0,1,0,1,11,2,4,5,8
2024-10-28,36,3,0,0,1,0,1,12,2,4,5,8
2024-10-29,34,2,0,0,1,0,1,12,2,4,5,7
2024-10-30,34,2,0,0,1,0,1,12,3,4,4,7
2024-10-31,34,2,0,0,1,0,1,12,3,4,4,7
2024-11-01,32,2,0,1,1,0,1,12,3,4,3,5
